Date,sentiment_mean,news_count,Close,High,Low,Open,Volume,next_close,target
2024-01-30,0.5670557022094727,1,62.73904800415039,63.457649460395544,62.225334241470755,62.86498111554158,410735000,61.49274444580078,0
2024-01-31,0.0,1,61.49274444580078,62.23433190687522,60.666205224632265,61.40579108468123,453795000,69.29339599609375,1
2024-02-05,0.0,1,69.29339599609375,69.45830503749701,67.16758142852466,68.18701012748092,680078000,68.18501281738281,0
2024-02-06,0.0,1,68.18501281738281,69.71515858330277,66.26308702618283,69.59122707783612,683111000,69.60221099853516,1
2024-02-08,0.0,1,69.60221099853516,70.75456869186667,69.41631758373076,70.03496848915448,414422000,72.20777130126953,1
2024-02-12,0.0,2,72.20777130126953,74.56945447682682,71.21032591879988,72.55957267433736,613710000,72.08784484863281,0
2024-02-13,0.4070650637149811,6,72.08784484863281,73.40910749101484,69.58124543898839,70.36080999462226,602580000,73.8588638305664,1
2024-02-14,0.13630921840667726,5,73.8588638305664,74.19467532641171,71.89795802434332,73.16125433620005,504917000,72.61753845214844,0
2024-02-15,0.030662208795547485,8,72.61753845214844,73.93380643951798,72.35968650824275,73.82787028335872,420122000,72.57256317138672,0
2024-02-16,0.0,2,72.57256317138672,74.36056840015162,72.46062602851259,74.05873462198204,495327000,69.41332244873047,0
2024-02-20,0.26930707693099976,2,69.41332244873047,71.91592565937303,67.696276964279,71.90692798783778,704833000,67.43444061279297,0
2024-02-21,0.42102062351563396,17,67.43444061279297,68.84965273678795,66.21112295055113,67.9681399359681,673755000,78.49427032470703,1
2024-02-22,0.2029419869184494,20,78.49427032470703,78.53124465919488,74.17867388920303,74.9832259524774,865100000,78.77310943603516,1
2024-02-23,0.12876980006694794,8,78.77310943603516,82.34811331480627,77.52680222303147,80.74501027740159,829388000,79.04796600341797,1
2024-02-26,0.25110953194754465,7,79.04796600341797,80.60110162092384,78.46128722131758,79.65562156391138,503973000,78.65717315673828,0
2024-02-27,0.14010360836982727,6,78.65717315673828,79.43574633865495,77.11903628247967,79.3367948159067,391705000,77.61975860595703,0
2024-02-28,0.0,7,77.61975860595703,78.88904810428491,77.08205615581203,77.57678328073024,393110000,88.65476989746094,1
2024-03-06,0.0,1,88.65476989746094,89.67824984643924,86.9856232402923,87.97712182383515,582520000,87.4833755493164,0
2024-03-08,0.0,2,87.4833755493164,97.35034416273697,86.46189342253078,95.08949635927887,1142269000,85.73026275634766,0
2024-03-11,0.08003643155097961,6,85.73026275634766,88.75171621511622,84.1230810265849,86.38492752767289,678364000,91.86614227294922,1
2024-03-12,0.0,1,91.86614227294922,91.91311538288066,86.10607991861596,88.00411383105026,668075000,90.8416519165039,0
2024-03-13,0.0,1,90.8416519165039,91.45733510152752,88.38989990202793,91.00856657140831,635713000,87.89915466308594,0
2024-03-14,0.0,2,87.89915466308594,90.59978030033041,86.55583824442805,89.53132517509458,602318000,88.40989685058594,1
2024-03-18,0.15370306676747847,49,88.40989685058594,92.35787961611925,87.04059269589636,90.3419098330075,668976000,89.35242462158203,1
2024-03-19,0.1680651028951009,15,89.35242462158203,90.49783644933297,84.96666127835144,86.65579447616338,672171000,90.32592010498047,1
2024-03-20,0.12534908056259156,5,90.32592010498047,90.36390274155225,88.17801382637771,89.75120872764549,479063000,91.38837432861328,1
2024-03-21,0.0,4,91.38837432861328,92.60076087628697,90.3589007516049,92.2529387505123,480372000,94.24091339111328,1
2024-03-22,0.0,1,94.24091339111328,94.72966241146648,90.78767363601877,91.09451627074266,586719000,94.95355224609375,1
2024-03-25,0.0,2,94.95355224609375,96.71665262612369,93.46231633076846,93.89309629655145,552136000,92.5137939453125,0
2024-03-26,0.17643394072850546,3,92.5137939453125,96.32585191995982,92.45482592449682,95.8021170685874,513648000,90.2039794921875,0
2024-03-27,0.16741645336151123,5,90.2039794921875,93.19245268869888,89.07755527294492,93.06451960589087,586067000,90.30992889404297,1
2024-03-28,0.0,7,90.30992889404297,91.25344777796057,89.14751991247192,89.95410761772509,435212000,89.40638732910156,0
2024-04-02,0.18680553436279296,5,89.40638732910156,90.04805823236576,87.57532082751612,88.40289389067334,433064000,88.91864013671875,0
2024-04-03,0.0,3,88.91864013671875,90.32792493292138,88.35493231864154,88.43888912667452,370067000,85.86117553710938,0
2024-04-04,-0.1328831672668457,5,85.86117553710938,90.58776700768702,85.83618676541171,90.35987886542738,434965000,87.96311950683594,1
2024-04-05,0.0,2,87.96311950683594,88.43587785170828,85.88218058642197,86.82169600485652,399678000,87.08856201171875,0
2024-04-08,-0.9410234689712524,1,87.08856201171875,88.7846950725735,86.68776556126254,88.65475649731144,283220000,85.31045532226562,0
2024-04-09,0.20802763104438782,8,85.31045532226562,87.59029759028141,82.97965182031417,87.39739525078261,501700000,86.99461364746094,1
2024-04-10,-0.06792762875556944,6,86.99461364746094,87.35542960706438,83.66631003801581,83.88320224037439,431929000,90.5698013305664,1
2024-04-11,0.1662433942159017,3,90.5698013305664,90.6927397233091,86.88168767581091,87.37543150360503,431637000,88.14103698730469,0
2024-04-12,0.0,3,88.14103698730469,90.1290289713359,87.4853732060557,89.65326609988566,426805000,85.9571533203125,0
2024-04-15,0.0,1,85.9571533203125,90.5668014834056,85.885191431367,89.05257449013831,443077000,87.37042236328125,1
2024-04-16,0.24269935488700867,6,87.37042236328125,88.0730591608871,86.02011339953525,86.38892089132743,370453000,83.99214172363281,0
2024-04-17,0.30923231442769367,3,83.99214172363281,88.72972195798647,83.90717836732355,88.2949386437983,495400000,84.6278305053711,1
2024-04-18,0.06934547424316406,8,84.6278305053711,86.14606090548644,82.35999009705611,84.92668166791294,447260000,76.16114044189453,0
2024-04-19,-0.4674150347709656,2,76.16114044189453,84.28099833646611,75.56744919546927,83.10760101811651,875198000,79.47744750976562,1
2024-04-22,0.14595001935958862,6,79.47744750976562,80.03216479233348,76.36104131725212,78.0641671154843,596341000,82.38096618652344,1
2024-04-23,0.1589645266532898,5,82.38096618652344,82.72679042021001,80.2230705514645,80.7278102893302,438559000,79.6363754272461,0
2024-04-24,0.0,8,79.6363754272461,84.03912814064545,79.14262401880819,83.90719166390734,512208000,82.58987426757812,1
2024-04-25,0.0,5,82.58987426757812,83.28051623028156,78.18311796504497,78.82778575977734,424641000,87.69026184082031,1
2024-04-26,0.0,4,87.69026184082031,88.28595859317252,83.34447944649524,83.77525942235107,551011000,87.7122573852539,1
2024-04-29,0.0,1,87.7122573852539,87.94713054569272,85.22252257935692,87.55033742522801,388971000,85.77323913574219,0
2024-05-02,0.0,1,85.77323913574219,86.19302312746696,83.15756927733226,84.40593290133356,377898000,91.3094253540039,1
2024-05-14,0.5291686654090881,1,91.3094253540039,91.60427311943869,88.8886555026712,89.55331737042562,296507000,94.31088256835938,1
2024-05-16,0.0,1,94.31088256835938,95.77013712291551,94.05500878486642,94.86160408579778,323952000,92.43183898925781,0
2024-05-17,0.0,3,92.43183898925781,94.69168763651655,91.75918564554273,94.3208822477914,359691000,94.73167419433594,1
2024-05-20,0.15470571319262186,6,94.73167419433594,95.15145822277206,93.39236106775267,93.70220057081201,318764000,95.33735656738281,1
2024-05-21,0.12633197124187762,13,95.33735656738281,95.35134936664903,93.1324803037148,93.55126534071833,328946000,94.90158081054688,0
2024-05-22,0.13285836435499646,21,94.90158081054688,95.97103489974472,93.20145177000462,95.41032394954395,548648000,103.74607849121094,1
2024-05-23,0.09847371394817646,26,103.74607849121094,106.26578917767765,101.46823355489357,101.97597776870575,835065000,106.41470336914062,1
2024-05-24,-0.10684935251871745,9,106.41470336914062,106.42069701496759,102.94747076428304,104.39572928386976,429494000,113.84292602539062,1
2024-05-28,0.43222769101460773,6,113.84292602539062,114.88039879120554,109.82697694894155,110.1877929460902,652728000,110.44365692138672,0
2024-05-30,0.0,1,110.44365692138672,115.75994504924772,109.60708571421941,114.59154239421389,484553000,114.94136047363281,1
2024-06-03,0.0,4,114.94136047363281,114.94136047363281,111.94588702357191,113.56306583418551,438392000,116.37763214111328,1
2024-06-04,0.0,5,116.37763214111328,116.54055105021374,113.98685338816156,115.65700669071254,403324000,122.37757110595703,1
2024-06-05,0.4256061613559723,3,122.37757110595703,122.38656157559062,117.40810617337777,118.31064561773049,528402000,120.9363021850586,0
2024-06-06,0.1246413787206014,6,120.9363021850586,125.52295906565588,118.25966633915728,123.98474236351488,664696000,120.82636260986328,0
2024-06-07,0.3818093538284302,2,120.82636260986328,121.62995352369373,117.96182659837903,119.70892880786865,412386000,121.72789764404297,1
2024-06-10,0.23499936362107596,6,121.72789764404297,123.0372272074531,116.95033628620642,120.30862356189567,313434100,125.14643859863281,1
2024-06-12,0.1583629051844279,6,125.14643859863281,126.82572022932071,122.51756641163499,123.00735466296415,299595000,129.55455017089844,1
2024-06-13,0.0,1,129.55455017089844,129.74447132445016,127.10560139337456,129.33464307228707,260704500,131.82359313964844,1
2024-06-14,0.0,4,131.82359313964844,132.78317395786428,128.26511837192902,129.90441625095465,309320400,130.92396545410156,0
2024-06-17,0.2203577309846878,4,130.92396545410156,133.67278906643185,129.52457044327446,132.9331153831068,288504400,135.52200317382812,1
2024-06-18,0.6262662410736084,5,135.52200317382812,136.27168233747813,130.63409563692056,131.08390008465824,294335100,130.72406005859375,0
2024-06-20,0.0,3,130.72406005859375,140.69978702792184,129.46460449105635,139.74020619139688,517768400,126.5158462524414,0
2024-06-21,0.8909989595413208,1,126.5158462524414,130.57411435219748,124.24682083583242,127.0656139833598,649445800,118.05946350097656,0
2024-06-24,-0.3076738119125367,3,118.05946350097656,124.40674492687346,117.98949375774167,123.18726572238242,476060900,126.03604888916016,1
2024-06-25,0.2658472418785095,5,126.03604888916016,126.44587713171062,119.26894878077069,121.14814167969276,414192600,126.3459243774414,1
2024-06-26,0.04575309583118984,7,126.3459243774414,128.0651821115694,122.54754706402704,126.07603561970313,362975900,123.93695068359375,0
2024-06-27,0.0,1,123.93695068359375,126.35592112032522,122.86740877139376,124.04690423190566,252571700,123.48714447021484,0
2024-06-28,0.0,5,123.48714447021484,127.65535851030685,122.69748155565787,124.52670042256338,315516700,124.24683380126953,1
2024-07-01,-0.7890481650829315,2,124.24683380126953,124.78659610560356,118.77917237025213,123.41718700299181,284885500,122.61751556396484,0
2024-07-02,0.10484705120325089,8,122.61751556396484,123.35720445635805,120.97821782460922,121.07817351581278,218374000,128.22511291503906,1
2024-07-03,0.0,2,128.22511291503906,128.22511291503906,121.30807553564613,121.60795022813568,215749000,128.14512634277344,0
2024-07-08,0.0,2,128.14512634277344,130.71403368367476,126.98562679747023,127.43543114348468,237677300,131.3238067626953,1
2024-07-09,0.0,5,131.3238067626953,133.76276548705792,128.59496354527897,130.29424856790877,285366600,134.852294921875,1
2024-07-10,0.0,3,134.852294921875,135.04221608834806,132.36335454676214,133.9726664675838,248978600,127.34550476074219,0
2024-07-11,0.12856101989746094,7,127.34550476074219,136.09175422496259,126.99565600235432,135.69193143030844,374782700,129.1847381591797,1
2024-07-12,0.0,2,129.1847381591797,131.86358478076724,127.16559770787343,128.20514625821357,252680500,128.38507080078125,0
2024-07-15,0.0,6,128.38507080078125,131.33380608467334,127.12560754638835,130.50415923151834,208326200,126.30593872070312,0
2024-07-16,0.1675209477543831,8,126.30593872070312,128.9847847878456,124.52670149646414,128.38505064333017,214769500,117.93951416015625,0
2024-07-17,0.3866970439751943,6,117.93951416015625,121.79786321418705,116.670060903269,121.29807714631912,390086200,121.03819274902344,1
2024-07-18,0.16259188652038575,5,121.03819274902344,122.34763750285344,116.51013195140489,121.79786974825338,320979500,117.87954711914062,0
2024-07-19,0.22331812977790833,4,117.87954711914062,121.54797517785201,117.31978914047505,120.29850995680886,217223800,123.48714447021484,1
2024-07-22,0.0,5,123.48714447021484,124.01691649015211,119.80871864887781,120.2985068676328,258068900,122.53755187988281,0
2024-07-23,0.15088726580142975,12,122.53755187988281,124.63665959294896,122.04776363902835,122.72747303753543,173911000,114.20111846923828,0
2024-07-24,0.0,5,114.20111846923828,119.89867669033677,113.39146746574805,119.1190116312528,327776900,112.23194885253906,0
2024-07-25,0.29502570629119873,3,112.23194885253906,116.58008575638628,106.25451224826189,112.99162574787731,460067000,113.01162719726562,1
2024-07-26,0.0,3,113.01162719726562,116.15028320368103,111.53226465502331,116.14029297278634,293399100,111.5422592163086,0
2024-07-29,0.044243761471339633,14,111.5422592163086,116.23025532001331,111.25238998649994,113.64136695751597,248152100,103.68562316894531,0
2024-07-30,0.0,2,103.68562316894531,111.94208369239041,102.49612986212257,111.47228355856528,486833300,116.96991729736328,1
2024-07-31,0.2686541676521301,6,116.96991729736328,118.28935209111981,110.83254555393661,112.85168535455355,473174200,109.16327667236328,0
2024-08-01,-0.2400773465633392,4,109.16327667236328,120.10859659996095,106.76430191931924,117.47971689042026,523462300,107.22411346435547,0
2024-08-02,-0.7867584228515625,3,107.22411346435547,108.67349782365295,101.32664320432879,103.71562030654789,482027500,100.40702056884766,0
2024-08-05,-0.19095224142074585,6,100.40702056884766,103.36576087778293,90.65120176374947,92.020610744235,552842400,104.20539855957031,1
2024-08-06,0.0,6,104.20539855957031,107.66391734722711,100.50698458680512,103.79557030996848,409012100,98.86768341064453,0
2024-08-07,-0.21636264026165009,4,98.86768341064453,108.75345120343057,98.64777632103673,107.76386930019544,411440400,104.92508697509766,1
2024-08-08,0.4589196890592575,4,104.92508697509766,105.45485898012505,97.47827008281362,101.95635654950479,391910000,104.70518493652344,0
2024-08-09,0.21235422293345133,3,104.70518493652344,106.55439192807604,103.38574997554278,105.59480355882924,290844200,108.9733657836914,1
2024-08-12,0.0,2,108.9733657836914,111.02249199260416,106.21455180262768,106.27452369861088,325559900,118.02949523925781,1
2024-08-14,0.0,3,118.02949523925781,118.54926946313572,114.02120830914065,118.47929970941885,339246400,122.80744171142578,1
2024-08-15,0.19015459219614664,3,122.80744171142578,123.18727640390337,117.41974813678404,118.7091971963176,318086700,124.52669525146484,1
2024-08-16,0.0,1,124.52669525146484,124.94651370725,121.12814855340164,121.88782549205811,302589900,129.9443817138672,1
2024-08-19,0.0,1,129.9443817138672,129.9443817138672,123.36719502454015,124.22682769827617,318333600,127.19556427001953,0
2024-08-20,0.19804813103242355,11,127.19556427001953,129.82444407435935,125.83614544847738,128.345066215563,300087400,128.44500732421875,1
2024-08-21,0.0,2,128.44500732421875,129.2946496603409,126.60579842852306,127.26551201028192,257883600,123.68705749511719,0
2024-08-22,0.0,1,123.68705749511719,130.69406050330699,123.04733191995243,129.96437709388331,376189100,129.31463623046875,1
2024-08-23,0.7863654792308807,2,129.31463623046875,129.54454879248973,125.16641816339359,125.80614369005178,323230300,126.40589904785156,0
2024-08-26,0.0,4,126.40589904785156,131.20384101513017,124.3167968178151,129.5145768150302,331964700,128.2451171875,1
2024-08-27,0.13191628456115723,8,128.2451171875,129.14472607274774,123.8270022374259,124.99650751528328,303134600,125.55626678466797,0
2024-08-28,0.24387600592204503,7,125.55626678466797,128.27510443502842,122.58753608006307,128.06518755846798,448101100,117.53968048095703,0
2024-08-29,0.0,1,117.53968048095703,124.37675766304139,116.66005977160985,121.30807159752445,453023300,107.16413116455078,0
2024-09-05,-0.37552979588508606,2,107.16413116455078,109.6030896936583,104.715182404582,104.94507973247826,306850700,102.78599548339844,0
2024-09-06,-0.1887917399406433,5,102.78599548339844,108.10371847150348,100.90679515321645,107.99376493617882,413638100,106.42444610595703,1
2024-09-09,-0.026880741119384766,6,106.42444610595703,106.50441370678206,103.64563679939363,104.83512245061276,273912000,108.05374145507812,1
2024-09-10,0.16503759367125376,7,108.05374145507812,109.35318822314704,104.90508784485718,107.76386463370491,268283700,116.85997772216797,1
2024-09-11,0.07161675691604615,10,116.85997772216797,117.13985668962943,107.37403301447969,109.34319126914343,441422400,119.0992202758789,1
2024-09-12,0.0,2,119.0992202758789,120.74865704096976,115.34050510922769,116.80000446674823,366052700,119.05921936035156,0
2024-09-13,0.08339260518550873,4,119.05921936035156,119.91892551173434,117.55973295121166,119.0392295640139,238358300,116.7400131225586,0
2024-09-16,0.031254008412361145,4,116.7400131225586,118.13953528569532,114.32084356482326,116.75001183404176,248772300,115.55043029785156,0
2024-09-17,0.24858640962176853,9,115.55043029785156,118.75933823796504,114.79069593440207,118.12954900355818,231925900,113.33118438720703,0
2024-09-18,0.0,4,113.33118438720703,117.659695980885,113.18123422247302,115.850318172966,310318900,117.82965087890625,1
2024-09-19,0.42550724744796753,9,117.82965087890625,119.6190390017094,117.20986038538442,117.30982462581498,293506400,115.96028900146484,0
2024-09-20,0.0,2,115.96028900146484,118.57939482627764,115.35049721640073,117.01992368452845,382462400,116.22020721435547,1
2024-09-23,0.13482676612006295,9,116.22020721435547,116.94995306986277,114.82068489843978,116.51010886475667,206228500,120.82862091064453,1
2024-09-24,0.26946423053741453,5,120.82862091064453,121.75830281490052,115.34049501127092,116.4801041033547,354966800,123.46772003173828,1
2024-09-25,0.0,7,123.46772003173828,124.8972307941946,121.56836894761845,121.9782246233193,284692900,123.99754333496094,1
2024-09-26,-0.1983963151772817,6,123.99754333496094,127.62629807870698,121.75831219877176,126.75660075164774,302582900,121.35844421386719,0
2024-09-27,-0.22701374292373658,5,121.35844421386719,123.9875411739155,119.21917738287792,123.9275641535197,271009200,121.39842987060547,1
2024-09-30,0.0,2,121.39842987060547,121.45840689022769,118.10955522149155,118.26949648274505,226553700,116.95994567871094,0
2024-10-01,0.14380765623516506,9,116.95994567871094,122.39808576451375,115.7503608309228,121.72830933905863,302094500,118.80931091308594,1
2024-10-02,0.0,5,118.80931091308594,119.33912825058258,115.10058192382681,116.40013992758973,221845900,122.80794525146484,1
2024-10-03,-0.2515026926994324,2,122.80794525146484,124.31743049345978,120.2988023230489,120.87860561160097,277118000,127.67627716064453,1
2024-10-07,0.2818845510482788,3,127.67627716064453,130.59527568838965,124.90722118000957,124.94720840149982,346250200,132.84449768066406,1
2024-10-08,0.15853185786141288,18,132.84449768066406,133.43429200303964,129.3756845929013,130.2153933149511,285722500,132.6045684814453,0
2024-10-09,0.36465488374233246,4,132.6045684814453,134.4739384804798,131.33501437000257,134.06407522234613,246191600,134.7638397216797,1
2024-10-10,-0.17782785495122275,3,134.7638397216797,134.95377710780917,130.9551466749852,131.86483875930813,242311300,134.7538604736328,0
2024-10-11,0.0,2,134.7538604736328,135.73352074472976,133.61425131031754,133.9641223517835,170209500,138.0227508544922,1
2024-10-14,0.13385170698165894,5,138.0227508544922,139.5522259694365,136.25335239175735,136.42329237635488,232347700,131.55496215820312,0
2024-10-15,0.27404845505952835,8,131.55496215820312,138.52257769243778,128.6959404665834,137.82280508502743,377831000,135.6735382080078,1
2024-10-16,0.0,4,135.6735382080078,136.57322399642072,131.53495612489098,133.9341283963689,264879700,136.8831329345703,1
2024-10-17,0.1825469583272934,4,136.8831329345703,140.8417844676902,136.8231559081479,139.2923118529861,306435900,137.9527587890625,1
2024-10-18,0.0,1,137.9527587890625,138.85244459278235,137.23300404466042,138.62252759913224,176090200,143.6608123779297,1
2024-10-21,0.1951085776090622,4,143.6608123779297,143.6608123779297,137.95276029474488,138.0827206747143,264554500,143.54086303710938,0
2024-10-22,0.0,4,143.54086303710938,144.3705808600113,141.731484819394,142.86110303968678,226311600,139.51222229003906,0
2024-10-23,0.1651413838068644,9,139.51222229003906,142.38123492807873,137.41295033058282,141.9813779606296,285930000,140.3619384765625,1
2024-10-24,0.2546525001525879,5,140.3619384765625,141.30161913611144,138.41260905173522,140.7718017861216,172354900,141.49154663085938,1
2024-10-25,0.43724507093429565,3,141.49154663085938,144.08067171203157,140.75180968215267,140.8817548130095,205122100,140.47190856933594,0
2024-10-28,0.1771800716718038,3,140.47190856933594,143.09100694226274,140.00206821568727,142.95105547012693,173586700,141.20164489746094,1
2024-10-29,0.0,1,141.20164489746094,142.21129364579818,138.8524432880062,140.2419668294209,157593600,139.29229736328125,0
2024-10-30,0.0,1,139.29229736328125,140.28196395700422,136.76316465511044,139.49222584841445,179418100,132.71456909179688,0
2024-10-31,0.0,3,132.71456909179688,137.5629157078968,132.06479759847417,137.55292462080052,270039600,135.35365295410156,1
2024-11-01,0.0,3,135.35365295410156,137.26300291330367,134.52395044654537,134.65389558133728,207127800,136.00343322753906,1
2024-11-04,0.0,3,136.00343322753906,138.91244079735898,135.52360180221356,137.16303982117785,187528200,139.8621063232422,1
2024-11-05,0.0,2,139.8621063232422,140.3219403030432,137.28298774012364,137.40294177771256,160537400,145.56015014648438,1
2024-11-06,0.15471120675404867,6,145.56015014648438,146.43985375430594,141.9114058474733,142.91106349142868,242043900,148.8290557861328,1
2024-11-07,0.22366991639137268,4,148.8290557861328,148.87902647248674,146.11997647950326,146.33990241230273,207323300,147.5794677734375,0
2024-11-08,0.0,2,147.5794677734375,149.71873459260812,146.2099263831815,148.71907691535895,175665800,148.2392120361328,1
2024-11-12,0.10514010190963745,15,148.2392120361328,149.59874692031187,145.95999403229789,146.7297346202135,198634700,146.2199249267578,0
2024-11-13,0.1411760151386261,4,146.2199249267578,149.27887481548683,145.85004123347073,149.01896932454213,191903300,146.70974731445312,1
2024-11-14,0.25150227546691895,6,146.70974731445312,148.94898588208457,145.5001701321721,147.58945090415918,194463300,141.93138122558594,0
2024-11-15,0.0,2,141.93138122558594,145.1902747512061,140.03203789439084,144.8203910682193,250132900,140.1020050048828,0
2024-11-18,0.19058572544771082,17,140.1020050048828,141.50153478170088,137.10303223771245,139.45223367342163,221205300,146.9596710205078,1
2024-11-19,0.14040344953536987,6,146.9596710205078,147.0796403153284,140.94174272954967,141.27163159656618,227834900,145.84005737304688,0
2024-11-20,0.3612927496433258,8,145.84005737304688,147.50948385732136,142.68113546401185,147.35954130772643,309871700,146.6197967529297,1
2024-11-21,0.07398716041019984,7,146.6197967529297,152.83766902515802,140.65183891204953,149.29888738883682,400946600,141.90139770507812,0
2024-11-22,0.0,2,141.90139770507812,147.10962067545384,141.05169787065546,145.88003080645086,236406200,135.97344970703125,0
2024-11-25,0.0,1,135.97344970703125,142.00138464304115,135.77352121027207,141.94140761937004,344941900,136.87313842773438,1
2024-11-26,0.0,2,136.87313842773438,139.25232877348597,135.6235662299349,137.6528702588759,190287700,135.2936553955078,0
2024-11-27,0.0,1,135.2936553955078,137.17301655731904,131.7548742168772,134.96376655836661,226370900,138.58253479003906,1
2024-12-02,0.2017647624015808,3,138.58253479003906,140.401903648449,137.77281459318448,138.78246325473978,171682800,140.2119903564453,1
2024-12-03,0.080571049451828,10,140.2119903564453,140.49189330582607,137.90278339727084,138.21267485883047,164414000,145.09033203125,1
2024-12-04,0.2645236651102702,3,145.09033203125,145.740103497805,140.24198561488052,141.95140715914127,231224300,145.0203399658203,0
2024-12-05,0.049131691455841064,11,145.0203399658203,146.49993108099994,143.9106428157812,145.07032934736787,172621200,142.4010467529297,0
2024-12-06,0.35409989953041077,2,142.4010467529297,145.66014968908138,141.2713509133455,144.56045967909182,188505600,138.77203369140625,0
2024-12-09,-0.5672749876976013,6,138.77203369140625,139.91172129670065,137.0925004855475,138.93199359328304,189308600,135.03306579589844,0
2024-12-10,-0.13206124305725098,7,135.03306579589844,141.7812196768295,133.7534018405272,138.97197539548316,210020900,139.2718963623047,1
2024-12-11,-0.11248548030853271,5,139.2718963623047,140.13166176303284,135.173026862483,137.32243273699547,184905200,137.3024444580078,0
2024-12-12,0.08920549352963765,12,137.3024444580078,138.40214979482639,135.76287224107875,137.04252103958567,159211400,134.21328735351562,0
2024-12-13,0.0,2,134.21328735351562,139.56183041879834,132.50374826625531,138.9020072444441,231514900,131.96388244628906,0
2024-12-16,-0.3005873461564382,6,131.96388244628906,134.36321966164874,130.3843129319086,134.14327863720246,237951100,130.35433959960938,0
2024-12-17,0.25077929347753525,8,130.35433959960938,131.5540083659402,126.82530622422306,129.0546920799943,259410300,128.874755859375,0
2024-12-18,0.20638964573542276,6,128.874755859375,136.6626191312432,128.2449232385065,133.82339933223892,277444500,130.6442413330078,1
2024-12-19,0.2556730310122172,6,130.6442413330078,133.99333094415113,129.51456085077075,131.72394769790225,209719200,134.6631622314453,1
2024-12-20,0.0,4,134.6631622314453,135.24300545668208,128.1849385069714,129.7745000485284,306528600,140.18165588378906,1
2024-12-24,0.0,1,140.18165588378906,141.86118913948326,138.61207790245493,139.9617148258363,105157000,139.89173889160156,0
2024-12-26,0.0,1,139.89173889160156,140.8115008078877,137.69234337416663,139.66180603983884,116205600,136.9725341796875,0
2024-12-27,0.0,1,136.9725341796875,138.9819943823141,134.67317523350815,138.5121216661011,170582600,149.38912963867188,1
2025-01-06,0.18964214622974396,28,149.38912963867188,152.11839407781596,147.77958455274808,148.54936300568127,265377400,140.10166931152344,0
2025-01-07,-0.13689898782306248,9,140.10166931152344,153.08812187242287,139.97169998670535,152.98814312185272,351782200,140.07168579101562,0
2025-01-08,0.0,2,140.07168579101562,143.91063203422854,137.5223800692543,142.54101155921632,227349900,135.8728485107422,0
2025-01-10,0.0,2,135.8728485107422,139.88174676307978,134.18330808313058,137.41242079266553,207602500,133.19357299804688,0
2025-01-13,-0.16981150887229227,11,133.19357299804688,133.4535116815908,129.4745887600242,129.95446851982027,204808900,131.7239532470703,0
2025-01-14,0.239250510931015,4,131.7239532470703,136.3426998783518,130.01442953826418,136.01278831507346,195590500,136.2027587890625,1
2025-01-15,0.47386451562245685,3,136.2027587890625,136.4126928345012,131.25409986764885,133.61345527658474,185217300,133.5334930419922,0
2025-01-16,0.23819718758265176,3,133.5334930419922,138.71206965350657,133.4535130811874,138.6020991142272,209235600,137.67234802246094,1
2025-01-17,0.0,2,137.67234802246094,138.46212527408701,135.4229633158422,136.65262268416788,201188800,140.79148864746094,1
2025-01-21,0.17208242416381836,3,140.79148864746094,141.7912151745994,137.05250594430132,139.12194717769367,197749000,147.02981567382812,1
2025-01-22,0.0,2,147.02981567382812,147.74960487622204,143.63073568135124,144.62047062339892,237651400,147.17974853515625,1
2025-01-23,0.0,1,147.17974853515625,147.1897403093082,143.6807055002306,145.01034368405638,155915500,142.58099365234375,0
2025-01-24,0.0,2,142.58099365234375,148.92926325643236,141.84120577881646,148.32942123311412,234657600,118.38761138916016,0
2025-01-27,-0.4516231738604032,13,118.38761138916016,128.36487767970476,116.66808057296325,124.76587139934672,818830900,128.95472717285156,1
2025-01-28,-0.428196057677269,8,128.95472717285156,128.96471894622445,116.21820602712087,121.77668294561497,579666400,123.66617584228516,0
2025-01-29,0.0,3,123.66617584228516,126.8553060976507,120.01717989918284,126.46541333864903,467120600,124.61592102050781,1
2025-01-30,0.08464051617516412,9,124.61592102050781,124.96582380169083,118.06770880237578,123.06634175444341,392925500,120.03717041015625,0
2025-01-31,0.12681262493133544,5,120.03717041015625,127.81504199868698,119.15741376372098,123.74615511454752,388161100,116.62810516357422,0
2025-02-03,-0.950925886631012,1,116.62810516357422,118.53757894355685,112.97910166242248,114.71862375628316,371235700,118.6175537109375,1
2025-02-04,0.3039652109146118,3,118.6175537109375,121.16685177317855,116.66808241089754,116.92801344303115,256550000,124.79586791992188,1
2025-02-05,0.1838461637496948,5,124.79586791992188,124.96581960402936,120.72698113870702,121.72670769553925,262230800,128.64480590820312,1
2025-02-06,0.0,4,128.64480590820312,128.7347928917548,125.17576116570511,127.38515593926263,251483600,129.80447387695312,1
2025-02-07,0.0,1,129.80447387695312,130.3343276557766,124.96580169637689,129.18464838201572,228186300,133.5334930419922,1
2025-02-10,0.0,2,133.5334930419922,134.9630947980064,129.92447930424598,130.05443339276326,216989100,132.76370239257812,0
2025-02-11,0.0,4,132.76370239257812,134.4432358451655,130.9841901729766,132.54376130884148,178902400,131.10415649414062,0
2025-02-12,0.0,4,131.10415649414062,132.20386194641324,129.0447219695379,129.9844674915493,160278600,135.25299072265625,1
2025-02-13,0.0,2,135.25299072265625,136.46266649297655,131.13412244698262,131.52401516963508,197430000,139.19192504882812,1
2025-02-19,0.0,4,139.19192504882812,141.32134750878612,137.18248014952957,139.47184726600554,167536000,140.07168579101562,1
2025-02-20,0.0,10,140.07168579101562,140.62153843760984,136.7525863640224,139.991705837455,143903600,134.3932342529297,0
2025-02-21,0.0,1,134.3932342529297,141.42132600995674,133.99334973043614,140.0017008694862,228217600,130.244384765625,0
2025-02-24,0.0,7,130.244384765625,138.55211066034528,130.04444248958205,136.52266681200447,251381100,126.59537506103516,0
2025-02-25,0.1248516695840018,7,126.59537506103516,130.16439867421266,124.40597902043103,129.94445760453814,271428700,131.24411010742188,1
2025-02-26,0.33202242851257324,8,131.24411010742188,133.69343728770713,128.4548795357506,129.95446947322534,322553800,120.11714935302734,0
2025-02-27,0.21600627154111862,8,120.11714935302734,134.9730792207777,119.97718824289691,134.96308744670299,443175800,124.8858413696289,1
2025-02-28,-0.27028854688008624,3,124.8858413696289,125.05579305607802,116.36817434407594,117.98772650698133,389091100,114.02880859375,0
2025-03-03,-0.9533296823501588,1,114.02880859375,123.66617198823369,112.2492965435478,123.47622912906817,411381400,115.95828247070312,1
2025-03-04,0.0,1,115.95828247070312,119.27737437091366,110.07989299750376,110.6197462594264,398163300,117.2679214477539,1
2025-03-05,0.0,2,117.2679214477539,118.24764914601728,114.4786835987416,117.54784364725772,284337900,110.53976440429688,0
2025-03-06,0.3299366235733032,2,110.53976440429688,115.31845609620828,110.18986163701831,113.49895407905146,321181900,106.95075225830078,0
2025-03-10,0.0,2,106.95075225830078,111.81941579292103,105.43116359430405,109.86995202425706,366487400,108.73026275634766,1
2025-03-11,0.8233140707015991,1,108.73026275634766,112.20930691241836,104.74134829193281,106.96074247458567,354865700,115.71900177001953,1
2025-03-12,0.0,1,115.71900177001953,116.73882100614277,112.85951998498375,114.09930053195751,323857500,115.55902862548828,0
2025-03-13,0.0,8,115.55902862548828,117.73863334670654,113.76935252443205,117.00876245655117,299033100,121.64791870117188,1
2025-03-14,0.5634000301361084,1,121.64791870117188,121.85787967708788,118.12856083227834,118.58847644066721,277593500,119.50830841064453,0
2025-03-17,0.0,2,119.50830841064453,122.86769930249316,118.00858060635532,122.71772499646224,255501500,115.40904998779297,0
2025-03-18,0.20895484469153663,55,115.40904998779297,118.99839474842913,114.51921213127834,117.97858323274161,299686900,117.49867248535156,1
2025-03-19,0.13490120002201625,7,117.49867248535156,120.42814113812437,115.65901001721268,117.24871784817985,273426200,118.50848388671875,1
2025-03-20,0.10156503915786744,5,118.50848388671875,120.17817892707569,116.44886024718888,116.5288475567653,248829700,121.38796997070312,1
2025-03-24,0.0,1,121.38796997070312,122.19782052957932,119.31833831489072,119.85824123014483,228452500,120.66809844970703,0
2025-03-25,0.0794418113572257,7,120.66809844970703,121.26798803028822,118.89841541478116,120.52812446850508,167447200,113.7393569946289,0
2025-03-26,0.0,2,113.7393569946289,118.81842927999459,112.68954449720724,118.70845626054094,293463300,111.40978240966797,0
2025-03-27,0.0,1,111.40978240966797,114.42923110356094,110.63992547504299,111.32979509417153,236902100,109.65010070800781,0
2025-03-28,-0.9426254630088806,1,109.65010070800781,112.84952470784617,109.05021109179135,111.46977019973694,229872500,108.3603286743164,0
2025-03-31,0.0,3,108.3603286743164,110.93986229194257,103.63119133667838,105.11091847763528,299212700,110.1300048828125,1
2025-04-01,0.0,1,110.1300048828125,110.17999122900144,106.45067264528599,108.50029591126088,222614000,110.39995574951172,1
2025-04-02,0.0,6,110.39995574951172,111.95967777974947,106.77061737970816,107.2705266243207,220601200,101.78152465820312,0
2025-04-03,0.10139964818954468,5,101.78152465820312,105.61082365222038,101.58155638472346,103.49121334940355,338769400,97.62227630615234,0
2025-04-07,0.19204463561375937,3,97.62227630615234,101.73153089146867,86.60427995314998,87.444123819458,611041300,96.28252410888672,0
2025-04-08,0.0,3,96.28252410888672,105.83078615825814,94.44285411172834,103.79115551332612,476243400,114.30924987792969,1
2025-04-09,-0.3032609820365905,3,114.30924987792969,115.07910675948129,97.51229618216108,98.87204993981901,612918300,107.55047607421875,0
2025-04-10,0.11377467427934919,7,107.55047607421875,110.83987986480561,99.13200610877084,109.35015243101728,437812400,110.90986633300781,1
2025-04-11,0.0,2,110.90986633300781,111.52975654810143,107.46049556472005,108.4803070767672,313417300,110.68990325927734,0
2025-04-14,0.28887867331504824,10,110.68990325927734,114.26925525660798,109.05020155855789,114.08928762467488,264705000,112.17963409423828,1
2025-04-15,0.10814132044712703,12,112.17963409423828,113.59938217981927,110.4799456735416,110.94986159507806,228966900,104.47103881835938,0
2025-04-16,-0.3154064218203227,15,104.47103881835938,106.77062454919468,100.4317709352981,104.53103311878802,397016900,101.47157287597656,0
2025-04-17,-0.2829690933227539,5,101.47157287597656,104.45103522860795,100.0318394876262,104.43103458781992,292517500,96.89241790771484,0
2025-04-21,0.20648537079493204,3,96.89241790771484,99.42195758129023,95.02275450080649,98.75207336541831,288501100,98.8720474243164,1
2025-04-22,0.31442828973134357,3,98.8720474243164,99.7918785816798,97.26233908492571,98.76206678289148,241004800,102.69136047363281,1
2025-04-23,0.2539752721786499,7,102.69136047363281,104.78098517141211,102.00148324580945,104.5010295750129,247526000,106.41068267822266,1
2025-04-24,0.0,3,106.41068267822266,106.52066332286202,103.09128558149489,103.46122117055545,220815000,110.98986053466797,1
2025-04-25,0.0,1,110.98986053466797,111.89969145813895,105.71081975581805,106.83061166162848,251064700,108.71027374267578,0
2025-04-28,0.0,3,108.71027374267578,110.34997554606154,106.00075877336346,109.67009863041305,207708500,108.90023040771484,1
2025-04-30,-0.2098309596379598,3,108.90023040771484,108.90023040771484,104.06111247501677,104.45104108413872,235044600,111.5897445678711,1
2025-05-01,0.0,1,111.5897445678711,114.9191420385801,111.27980327057723,113.05947899879722,236121500,114.4792251586914,1
2025-05-02,0.0,1,114.4792251586914,115.37906338859757,113.34943293159324,114.15928352450368,190194800,113.79934692382812,0
2025-05-05,0.0,2,113.79934692382812,114.64919116473993,112.63956137373921,112.88951601094917,133163200,113.51940155029297,0
2025-05-06,0.0,1,113.51940155029297,114.71918078517231,110.79989381468877,111.45977773347964,158525600,117.03875732421875,1
2025-05-07,0.3504815399646759,2,117.03875732421875,117.65864757290291,112.25962586336117,113.02949042053457,206758800,117.34870910644531,1
2025-05-08,0.3771336078643799,4,117.34870910644531,118.658469001105,115.82898059800607,118.22854670795566,198428100,116.62882995605469,0
2025-05-09,0.6827970147132874,1,116.62882995605469,118.20854502226882,115.18908887008638,117.32869985728382,132972200,122.9776840209961,1
2025-05-12,0.0,1,122.9776840209961,122.9776840209961,120.25817629208265,121.94787211512306,225023300,129.9064178466797,1
2025-05-13,0.0852942977632795,7,129.9064178466797,131.19619232916256,124.44741706637032,124.95732666651305,330430100,135.3154296875,1
2025-05-14,0.0,4,135.3154296875,135.4154176381041,131.65609038206884,133.17581874633882,281180800,134.80552673339844,0
2025-05-15,0.0,1,134.80552673339844,136.2752611112406,132.6359224746836,134.2656162138544,226632600,135.37542724609375,1
2025-05-16,0.17059940099716187,3,135.37542724609375,136.32526708518697,133.43579205010155,136.19528579014883,226542500,135.54539489746094,1
2025-05-19,0.05224645137786866,15,135.54539489746094,135.84532822832756,132.36596428610483,132.36596428610483,193154600,134.35560607910156,0
2025-05-20,0.0,6,134.35560607910156,134.55556671475182,132.59591587093482,134.26561082544316,161514200,131.7760772705078,0
2025-05-21,-0.464838445186615,4,131.7760772705078,137.3750515435132,130.56629021032253,133.0358430493297,270608700,132.80589294433594,1
2025-05-22,0.30969202518463135,2,132.80589294433594,134.22563338103308,131.52612648714359,132.20599574301846,187344000,135.47540283203125,1
2025-05-27,0.0,3,135.47540283203125,135.63537744884945,133.2857979393918,134.1256417936587,192953600,134.78553771972656,0
2025-05-28,0.13134851306676865,8,134.78553771972656,137.22509744866613,134.76553707682788,136.00531758419635,304021100,139.1647491455078,1
2025-05-29,0.0,4,139.1647491455078,143.46397204605128,137.88498259688382,142.22419152756274,369241900,135.10548400878906,0
2025-05-30,0.0,3,135.10548400878906,139.59465948344436,132.8958783257386,138.6948289010735,333170900,137.35507202148438,1
2025-06-02,0.0,3,137.35507202148438,138.09492795630163,135.37542038395227,135.46541564458173,197663100,141.19436645507812,1
2025-06-03,0.0,1,141.19436645507812,141.97422364617418,137.9249557656252,138.75480693174418,225578800,141.8942413330078,1
2025-06-04,0.18883466720581057,5,141.8942413330078,142.36415725393297,139.5146683935161,142.1641966028205,167120800,139.964599609375,0
2025-06-05,0.0,4,139.964599609375,143.97386636815438,138.80480646885346,142.14419665233672,231397900,141.69427490234375,1
2025-06-06,0.0,1,141.69427490234375,143.24399658328852,141.4843063108272,142.4841247816278,153986200,142.6041259765625,1
2025-06-09,0.0,3,142.6041259765625,144.97369107987248,141.91424872977086,143.16402192873528,185114500,143.9338836669922,1
2025-06-10,0.0,5,143.9338836669922,144.26381035974757,141.50431668274294,142.66410985007164,155881900,142.81399536132812,0
2025-06-11,0.16143853570285596,38,142.81399536132812,144.97375695921582,141.85409623212945,144.59379466225064,167694000,144.98374938964844,1
2025-06-12,0.1590397357940674,6,144.98374938964844,144.98374938964844,141.83410852298076,141.9540901919345,162365000,141.95408630371094,0
2025-06-13,0.8543705344200134,1,141.95408630371094,143.5639064320885,140.83421673860605,142.4640236398758,180820600,144.6737823486328,1
2025-06-16,0.0,2,144.6737823486328,146.16360555156524,143.18394388862185,143.33393622751285,183133700,144.1038360595703,0
2025-06-17,0.2812073528766632,2,144.1038360595703,145.20371882793046,143.7638778428329,144.4738049491523,139108000,145.46368408203125,1
2025-06-18,0.0,3,145.46368408203125,145.63366319028128,143.10394808189747,143.9938476821936,161494100,143.83387756347656,0
2025-06-20,0.0,1,143.83387756347656,146.1836049259659,142.63399990245927,145.43368901636921,242956200,147.88340759277344,1
2025-06-24,0.0,6,147.88340759277344,147.94341367999496,145.4836828445603,145.54367367470394,187566100,154.29270935058594,1
2025-06-25,0.5250451564788818,4,154.29270935058594,154.43269305532343,149.24327207878133,149.25328072295656,269146500,155.00262451171875,1
2025-06-26,0.25538432598114014,2,155.00262451171875,156.70243086817015,153.98273459501658,155.9625083392563,198145700,157.97230529785156,1
2025-06-30,0.35784241557121277,2,157.97230529785156,158.6422284044636,155.94253394670602,158.38224776867892,194580300,153.2828369140625,0
2025-07-01,0.2048012763261795,4,153.2828369140625,157.18239409932116,151.47304203431221,156.27249233706732,213143600,157.2323760986328,1
2025-07-02,0.0,4,157.2323760986328,157.58234297497486,152.95285700312823,152.962850389823,171224100,159.3221435546875,1
2025-07-03,0.36978330214818317,6,159.3221435546875,160.96195919540767,157.7523273944205,158.35225101493015,143716100,158.22227478027344,0
2025-07-07,0.033859034379323326,6,158.22227478027344,159.29214695363126,157.3223664705724,158.18227071828886,140139000,159.98207092285156,1
2025-07-08,0.0,2,159.98207092285156,160.20204749093682,158.3722507239072,159.31214783171163,138133000,162.86175537109375,1
2025-07-09,0.30667481422424314,15,162.86175537109375,164.40157611225678,161.14194686393122,161.20193770023792,183656400,164.0816192626953,1
2025-07-10,0.21879937648773193,5,164.0816192626953,164.48156834124046,161.5918927660757,164.30159583301895,167704100,164.90151977539062,1
2025-07-11,0.11864671707153321,5,164.90151977539062,167.87118822352508,163.4516852914618,163.70165728031435,193633300,164.05162048339844,0
2025-07-14,0.056265242397785194,8,164.05162048339844,165.4714595173457,162.00184716942397,165.35146259057728,136975800,170.6808624267578,1
2025-07-15,0.10161781311035155,9,170.6808624267578,172.38066881478494,169.18103056842588,171.17081299302788,230627400,171.35079956054688,1
2025-07-16,0.15039625763893127,6,171.35079956054688,171.73076187811773,168.88107501049606,171.04083672550954,158831500,172.98062133789062,1
2025-07-17,0.15309114257494608,6,172.98062133789062,174.1404950617398,170.81086624213197,172.00073538495315,160841100,172.39068603515625,0
2025-07-18,-0.30828521649042767,3,172.39068603515625,174.23047621121117,171.24080573231237,173.62054394819432,146456400,167.01129150390625,0
2025-07-22,0.0,6,167.01129150390625,171.37080379639445,164.5615689540832,171.32080634495316,193114300,170.7608642578125,1
2025-07-23,0.0,3,170.7608642578125,171.24080620570157,167.95118153678195,169.511004310231,154082200,173.7205352783203,1
2025-07-24,0.0,5,173.7205352783203,173.81052153075,171.28080627636527,172.42067791171223,128984600,176.73019409179688,1
2025-07-28,0.2274184226989746,4,176.73019409179688,176.98016607778243,173.9505068282037,174.00050427681666,140023500,175.49032592773438,0
2025-07-29,0.0,1,175.49032592773438,179.35990260986108,175.00039060425894,177.94006357342778,154077500,177.85006713867188,1
2025-07-31,0.0,4,177.85006713867188,183.2794667127293,175.9102820488597,182.87950237318685,221685400,173.70053100585938,0
2025-08-01,0.0,1,173.70053100585938,176.52020701181988,170.8708463561498,174.07048465468185,204529000,179.97982788085938,1
2025-08-04,0.0,1,179.97982788085938,180.17980241597786,174.500446281802,175.14037394842856,148174600,178.24002075195312,0
2025-08-05,0.0,3,178.24002075195312,180.23979665506658,175.8802845759961,179.59986897635343,156407600,182.0395965576172,1
2025-08-11,0.07378549575805664,15,182.0395965576172,183.8193958765311,180.22980182096376,182.02960317073044,138323200,183.1394805908203,1
2025-08-12,0.0,4,183.1394805908203,184.4593247511904,179.43989822709233,182.9395060522284,145485700,181.56964111328125,0
2025-08-13,0.0,6,181.56964111328125,183.9493792108361,179.32990196930365,182.59952443546638,179871700,181.99960327148438,1
2025-08-14,0.5493670304616293,3,181.99960327148438,182.99949119039164,179.43989264021437,179.7298534235828,129554000,180.42977905273438,0
2025-08-15,0.0,1,180.42977905273438,181.87961354108583,178.02004541114613,181.85962676701382,156602200,181.98959350585938,1
2025-08-18,0.1121575931708018,12,181.98959350585938,182.91949719839158,180.56975450061333,180.57976314427117,132008000,175.6203155517578,0
2025-08-19,0.3386513590812683,2,175.6203155517578,182.47954736718557,175.47033846497254,182.4095478886331,185229200,175.38034057617188,0
2025-08-20,0.0,3,175.38034057617188,175.9802794498554,168.7810892510499,175.1503706193276,215142700,174.96038818359375,0
2025-08-21,0.2878807544708252,5,174.96038818359375,176.88017120538285,173.79052111986658,174.83041312567687,140040900,177.97006225585938,1
2025-08-22,0.0,7,177.97006225585938,178.56998587344157,171.18081451068767,172.59066018618677,172789400,179.78985595703125,1
2025-08-25,0.0,7,179.78985595703125,181.88962682620624,176.5502286534902,178.33002804439553,163012800,181.7496337890625,1
2025-08-26,0.0,3,181.7496337890625,182.36955942503778,178.78995879531527,180.0398187111229,168688200,181.57965087890625,0
2025-08-27,0.21428459031241281,7,181.57965087890625,182.46955051009175,179.07993109949993,181.95959791056248,235518900,180.14981079101562,0
2025-08-28,0.07722742855548859,8,180.14981079101562,184.44933204343067,176.39023757757423,180.79974711518173,281787800,174.1604766845703,0
2025-08-29,0.0,2,174.1604766845703,178.130033086625,173.13059331145078,178.09004428153852,243257900,170.7608642578125,0
2025-09-02,0.17105867862701415,5,170.7608642578125,172.36069109354864,167.20126556823303,169.980952871088,231164900,170.60089111328125,0
2025-09-03,0.0,5,170.60089111328125,172.3906992342715,168.86109570238054,171.0408442884315,164424900,171.64077758789062,1
2025-09-04,0.0,3,171.64077758789062,171.8407521362954,169.39102958990665,170.55090333056648,141670100,167.0012969970703,0
2025-09-05,0.0,1,167.0012969970703,169.0110663720669,164.05163046676552,168.01117837826322,224441400,168.2911376953125,1
2025-09-08,0.0,1,168.2911376953125,170.940849905597,167.33125381142952,167.53122834914853,163769100,170.74085998535156,1
2025-09-09,0.24058513508902657,9,170.74085998535156,170.96083655380463,166.7213214317911,169.0710489481518,157548400,177.3101348876953,1
2025-09-10,0.16195882558822633,5,177.3101348876953,179.26990675759993,175.45034266016896,176.62020974984335,226852000,177.16014099121094,0
2025-09-11,0.1343878149986267,5,177.16014099121094,180.26996857097555,176.4701769393558,179.66999584989978,151159300,177.74009704589844,1
2025-09-15,-0.08996377388636272,3,177.74009704589844,178.84004186496986,174.50027206258352,175.66021109761542,147061600,174.87026977539062,0
2025-09-16,0.13977630933125815,6,174.87026977539062,177.49011904437822,174.37029760906842,176.99014687805604,140737800,170.280517578125,0
2025-09-17,-0.310908834139506,3,170.280517578125,173.1903593144249,168.40063256525568,172.63039291663662,211843800,176.23019409179688,1
2025-09-18,0.04741172148631169,13,176.23019409179688,177.09014682532762,172.95037791227023,173.9703101424577,191763300,176.66015625,1
2025-09-19,0.0,1,176.66015625,178.07008136373162,175.17023376194967,175.7602124903078,237182100,183.5997772216797,1
2025-09-22,0.28884486109018326,8,183.5997772216797,184.53972732383275,174.70027887607205,175.29024236301854,269637000,178.42005920410156,0
2025-09-23,0.0,9,178.42005920410156,182.409842567533,176.20019683221489,181.9598706713119,192559600,176.96014404296875,0
2025-09-24,0.1416216492652893,5,176.96014404296875,179.76998508551358,175.39022416770254,179.75999113536878,143564100,177.68011474609375,1
2025-09-25,0.0,4,177.68011474609375,180.24996380236055,173.12037093203185,174.47028665549124,191586700,178.18008422851562,1
2025-09-26,0.67583167552948,1,178.18008422851562,179.75999811527313,174.920255917913,178.16008106951017,148573700,181.8398895263672,1
2025-09-29,0.0,4,181.8398895263672,183.98976381560166,180.30997586310093,180.4199550960203,193063500,186.56961059570312,1
2025-09-30,0.0,4,186.56961059570312,187.3395719841704,181.4698885277926,182.06986121505474,236981000,187.22958374023438,1
2025-10-01,0.2292348891496658,4,187.22958374023438,188.12952754318238,183.88975804814035,185.22969505995906,173844900,188.87948608398438,1
2025-10-02,0.0,2,188.87948608398438,191.0393695238543,188.04953044946197,189.5894532800495,136805800,187.6095428466797,0
2025-10-03,0.342131507396698,5,187.6095428466797,190.34939569471342,185.36967740169,189.1794627061203,137596900,185.5296630859375,0
2025-10-06,0.0,2,185.5296630859375,187.21957143407985,183.31979467524326,185.48967202648717,157678100,185.02969360351562,0
2025-10-07,0.0,2,185.02969360351562,189.0494741147918,183.9897582054133,186.21962980709273,140088000,189.09947204589844,1
2025-10-08,0.8184983432292938,2,189.09947204589844,189.58945025835604,186.52960780500513,186.55962017208088,130168900,192.5592803955078,1
2025-10-09,0.18977776765823365,5,192.5592803955078,195.28912405123697,191.04935474353755,192.21928773885006,182997200,183.14981079101562,0
2025-10-10,0.0,2,183.14981079101562,195.6091088464203,182.0398719523004,193.49922565779727,268774400,188.3095245361328,1
2025-10-13,0.16472644358873367,8,188.3095245361328,190.09941818271824,185.94965529464977,187.9595379156231,153482800,180.0199737548828,0
2025-10-14,0.28093117475509644,5,180.0199737548828,184.78971240822688,179.68999030007896,184.75971529942103,205641400,179.8199920654297,0
2025-10-15,0.0,3,179.8199920654297,184.85970481354866,177.2801249034248,184.7897166440438,214450500,182.6298370361328,1
2025-10-20,0.13900046050548553,4,182.6298370361328,185.18969215276272,181.71988400794234,183.1198152646831,128544700,181.14991760253906,0
2025-10-21,0.0,2,181.14991760253906,182.77981647710283,179.78999271004406,182.77981647710283,124240200,180.26995849609375,0
2025-10-22,0.0,3,180.26995849609375,183.42978616900905,176.7501502622395,181.1299112106735,162249600,182.1498565673828,1
2025-10-23,0.0,2,182.1498565673828,183.01980322210497,179.7799782111653,180.40994799999942,111363700,186.24961853027344,1
2025-10-24,0.0,4,186.24961853027344,187.45955783835475,183.48977777431884,183.8297551720498,131296700,201.01881408691406,1
2025-10-28,0.1930376097962663,37,201.01881408691406,203.1386912540773,191.89932637827522,193.03926234185508,297986200,207.02847290039062,1
2025-10-29,0.0,7,207.02847290039062,212.1781954922272,204.76860414707738,207.96842303697136,308829600,202.8787078857422,0
2025-10-30,0.0,5,202.8787078857422,206.1485301715792,201.39879452489242,205.1385766163601,178864400,202.47872924804688,0
2025-10-31,0.30562661588191986,4,202.47872924804688,207.95841980607935,202.05875446792163,206.43850017947892,179802200,206.8684844970703,1
2025-11-03,0.0,4,206.8684844970703,211.32822759164594,205.5485506791992,208.06841462190084,180267300,198.67893981933594,0
2025-11-04,0.0,4,198.67893981933594,203.9586446199207,197.9189723693821,202.98869740675082,188919300,195.1991424560547,0
2025-11-05,0.0,1,195.1991424560547,202.90870481768462,194.63916080574026,198.75894188581304,171350300,188.0695343017578,0
2025-11-06,0.0,4,188.0695343017578,197.60899664277025,186.3696319662745,196.40906647995496,223029800,199.03892517089844,1
2025-11-10,0.0,3,199.03892517089844,199.9288750287355,193.7792081445882,195.09914200543773,198897100,193.78921508789062,0
2025-11-12,0.1292845129966736,5,193.78921508789062,195.87909508520013,191.1193655455878,195.70910637927892,154935300,186.84959411621094,0
2025-11-13,0.941766917705536,1,186.84959411621094,191.42934088057365,183.8397672401686,191.03936321053533,207423100,190.15940856933594,1
2025-11-14,0.6828651428222656,1,190.15940856933594,190.99935813210442,180.56994624954729,182.8498180673128,186591900,186.58961486816406,0
2025-11-17,0.12810945969361526,13,186.58961486816406,188.98947511566342,184.30974305565786,185.95964506857126,173628900,181.3498992919922,0
2025-11-18,-0.034509088311876567,7,181.3498992919922,184.7897101334883,179.63998782140993,183.36979105504545,213598900,186.50961303710938,1
2025-11-19,0.6023408969243368,3,186.50961303710938,187.8495347223247,182.8198161698128,184.7796984316032,247246400,180.62994384765625,0
2025-11-20,0.0,4,180.62994384765625,195.9890894251709,179.83999453744622,195.9390891568929,343504800,182.5398406982422,1
2025-11-24,0.0,1,182.5398406982422,183.4897847612219,176.47017128450955,179.48001348627363,256618300,177.8101043701172,0
2025-11-25,0.0,2,177.8101043701172,178.15008177330986,169.54056066153746,174.90026276869568,320600300,180.2499542236328,1
2025-11-26,0.875984787940979,1,180.2499542236328,182.8998157763143,178.2300777211247,181.61988829154,183852000,179.9099884033203,0
2025-12-01,0.13533019026120505,6,179.9099884033203,180.28997214473748,173.67033006996684,174.75027181562072,188131000,181.4499053955078,1
2025-12-02,0.005911409854888916,5,181.4499053955078,185.6496685428864,179.98997995570696,181.74987648908228,182632200,179.5800018310547,0
2025-12-03,0.0,2,179.5800018310547,182.43984327721986,179.1000328161426,181.06992440272873,165138000,183.3800048828125,1
2025-12-04,0.008459534909990086,9,183.3800048828125,184.52000427246094,179.9600067138672,181.6199951171875,167364900,182.41000366210938,0
2025-12-05,0.0,2,182.41000366210938,184.66000366210938,180.91000366210938,183.88999938964844,143971100,185.5500030517578,1
2025-12-08,0.5242750559534345,7,185.5500030517578,188.0,182.39999389648438,182.63999938964844,204378100,184.97000122070312,0
2025-12-09,0.04817624886830648,9,184.97000122070312,185.72000122070312,183.32000732421875,185.55999755859375,144719700,183.77999877929688,0
2025-12-10,0.09964566571371895,7,183.77999877929688,185.47999572753906,182.0399932861328,184.97000122070312,162785400,180.92999267578125,0
2025-12-11,0.10046714544296265,6,180.92999267578125,181.32000732421875,176.6199951171875,180.27999877929688,182136600,175.02000427246094,0
2025-12-12,-0.15345165133476257,6,175.02000427246094,182.82000732421875,174.6199951171875,181.11000061035156,204274900,176.2899932861328,1
2025-12-15,0.23131429652372995,12,176.2899932861328,178.4199981689453,175.02999877929688,177.94000244140625,164775600,177.72000122070312,1
2025-12-16,0.214940478404363,6,177.72000122070312,178.49000549316406,174.89999389648438,176.25999450683594,148588100,170.94000244140625,0
2025-12-17,-0.19342067241668703,5,170.94000244140625,176.1300048828125,170.30999755859375,176.10000610351562,222775500,174.13999938964844,1
2025-12-18,0.34002484877904254,6,174.13999938964844,176.14999389648438,171.82000732421875,174.52999877929688,176096000,180.99000549316406,1
2025-12-19,0.2784428397814433,3,180.99000549316406,181.4499969482422,176.33999633789062,176.6699981689453,324925900,183.69000244140625,1
2025-12-22,0.0,3,183.69000244140625,184.16000366210938,182.35000610351562,183.9199981689453,129064400,190.52999877929688,1
2025-12-26,0.6141077280044556,1,190.52999877929688,192.69000244140625,188.0,189.9199981689453,139740300,188.22000122070312,0
2025-12-29,0.0,2,188.22000122070312,188.75999450683594,185.91000366210938,187.7100067138672,120006100,187.5399932861328,0
2025-12-30,0.0,1,187.5399932861328,188.99000549316406,186.92999267578125,188.24000549316406,97687300,186.5,0
2025-12-31,0.4470648616552353,4,186.5,190.55999755859375,186.49000549316406,189.57000732421875,120100500,188.1199951171875,1
2026-01-05,0.06375013504709516,28,188.1199951171875,193.6300048828125,186.14999389648438,191.75999450683594,183529700,187.24000549316406,0
2026-01-06,0.3708037734031677,7,187.24000549316406,192.1699981689453,186.82000732421875,190.52000427246094,176862600,189.11000061035156,1
2026-01-07,0.0,2,189.11000061035156,191.3699951171875,186.55999755859375,188.57000732421875,153543200,185.0399932861328,0
2026-01-08,0.0,4,185.0399932861328,189.5500030517578,183.7100067138672,189.11000061035156,172457000,184.86000061035156,0
2026-01-09,0.0,2,184.86000061035156,186.33999633789062,183.6699981689453,185.0800018310547,131327500,184.94000244140625,1
2026-01-12,0.2450445294380188,3,184.94000244140625,187.1199951171875,183.02000427246094,183.22000122070312,137968500,185.80999755859375,1
2026-01-13,0.0,1,185.80999755859375,188.11000061035156,183.39999389648438,185.0,160128900,183.13999938964844,0
2026-01-14,0.09210895498593646,6,183.13999938964844,184.4600067138672,180.8000030517578,184.32000732421875,159586100,187.0500030517578,1
2026-01-15,-0.1898426175117493,5,187.0500030517578,189.6999969482422,186.3300018310547,186.5,206188600,186.22999572753906,0
2026-01-16,0.0,1,186.22999572753906,190.44000244140625,186.0800018310547,189.0800018310547,187967200,178.07000732421875,0
2026-01-20,0.0,3,178.07000732421875,182.3800048828125,177.61000061035156,181.89999389648438,223345300,183.32000732421875,1
2026-01-21,-0.184735107421875,5,183.32000732421875,185.3800048828125,178.39999389648438,179.0500030517578,200381000,184.83999633789062,1
2026-01-22,0.0,4,184.83999633789062,186.1699981689453,183.92999267578125,184.75,139636600,187.6699981689453,1
2026-01-23,-0.18521630764007568,4,187.6699981689453,189.60000610351562,186.82000732421875,187.5,142748100,186.47000122070312,0
2026-01-26,0.520903192460537,8,186.47000122070312,189.1199951171875,185.99000549316406,187.16000366210938,124799600,188.52000427246094,1
